{
  "trailingSlash": "auto",
  "routes": [
    {
      "route": "/*",
      "serve": "/index.html",
      "statusCode": 200
    }
  ],
  "navigationFallback": {
    "rewrite": "/index.html",
    "exclude": ["/images/*.{png,jpg,gif}", "/css/*"]
  },
  "responseOverrides": {
    "400": {
      "rewrite": "/invalid-invitation-error.html"
    },
    "401": {
      "redirect": "/login",
      "statusCode": 302
    },
    "403": {
      "rewrite": "/custom-forbidden-page.html"
    },
    "404": {
      "rewrite": "/404.html"
    }
  },
  "globalHeaders": {
    "content-security-policy": "default-src 'self'; connect-src 'self' https://myroompal-#{environment}#-api.azurewebsites.net https://dev-jvk7nnjfyqlkrjn4.us.auth0.com; img-src 'self' data: https://images.unsplash.com/; style-src 'self' 'unsafe-inline'; script-src 'self' 'unsafe-inline'; object-src 'none'; frame-ancestors 'none';"
  },
  "mimeTypes": {
    ".json": "text/json"
  }
}
